Workbook

Sheet 사용법
A1: 안동 이어드림 · ⑦ 전국 진단표
A3: 무엇을 하나
A4: 전국 시·군이 "방문은 오는데 소비·체류로 안 이어지는" 문제를 네 지표로 스스로 진단하는 탐색 지표다. 정책 효과 점수가 아니라, 추가 진단이 필요한 곳과 문제 유형을 골라낸다.
A5: 대상: 네 지표가 모두 있는 시·군 144곳(외지인 방문 연인원 2026년 1~8월 100만 이상, 광역시 자치구 제외).
A7: 쓰는 법
A8: 1. 「가중치」에서 네 지표의 가중치를 바꾸면 「진단표」의 점수·순위가 다시 계산된다(기본 같은 가중치).
A9: 2. 「우리 시군 계산」에 우리 시·군의 네 값을 넣으면 문제 백분위, 진단 점수, 전국 순위, 유형이 나온다. 예시로 안동 값이 들어 있다.
A10: 3. 「유형」 시트에서 같은 문제 조합을 가진 시·군 목록을 본다. 유형 = 문제 백분위 75 이상(하위 25%)인 지표의 조합.
A12: 읽는 법
A13: 문제 백분위: 0 = 전국에서 가장 좋음, 100 = 가장 나쁨. 네 지표 모두 값이 낮을수록 문제로 본다.
A14: 가중치에 따라 순위가 크게 흔들리는 곳이 많다(「진단표」 순위 P10~P90). 그래서 점수 하나보다 유형으로 읽는다.
A15: 노란 칸 = 바꿔 넣는 값 · 파란 글자 = 데이터로 계산한 고정값 · 검은 글자 = 수식

Sheet 우리 시군 계산
A1: 우리 시·군 계산 — 노란 칸에 네 값을 넣는다 (예시: 안동)
A3: 지표 | B3: 우리 값 | C3: 전국 중앙 | D3: 문제 백분위 | E3: 해석
A4: 체험·문화 소비 변화율 | B4: -0.16790571 | C4: =MEDIAN(진단표!$B$4:$B$147) -> -0.020487558 | D4: =100*(1-(COUNTIF(진단표!$B$4:$B$147,"<"&B4)+1)/(COUNT(진단표!$B$4:$B$147)+1)) -> 84.827586 | E4: =IF(D4>=75,"하위 25%: 이 지표가 문제",IF(D4<=25,"상위 25%: 강점","중간")) -> 하위 25%: 이 지표가 문제
A5: 평균 숙박일수 | B5: 3.0658333 | C5: =MEDIAN(진단표!$C$4:$C$147) -> 3.5570833 | D5: =100*(1-(COUNTIF(진단표!$C$4:$C$147,"<"&B5)+1)/(COUNT(진단표!$C$4:$C$147)+1)) -> 82.758621 | E5: =IF(D5>=75,"하위 25%: 이 지표가 문제",IF(D5<=25,"상위 25%: 강점","중간")) -> 하위 25%: 이 지표가 문제
A6: 저녁 전환율 | B6: 0.5573178 | C6: =MEDIAN(진단표!$D$4:$D$147) -> 0.51925832 | D6: =100*(1-(COUNTIF(진단표!$D$4:$D$147,"<"&B6)+1)/(COUNT(진단표!$D$4:$D$147)+1)) -> 26.206897 | E6: =IF(D6>=75,"하위 25%: 이 지표가 문제",IF(D6<=25,"상위 25%: 강점","중간")) -> 중간
A7: 야간 방문 비중 | B7: 0.10507418 | C7: =MEDIAN(진단표!$E$4:$E$147) -> 0.092133907 | D7: =100*(1-(COUNTIF(진단표!$E$4:$E$147,"<"&B7)+1)/(COUNT(진단표!$E$4:$E$147)+1)) -> 23.448276 | E7: =IF(D7>=75,"하위 25%: 이 지표가 문제",IF(D7<=25,"상위 25%: 강점","중간")) -> 상위 25%: 강점
A9: 진단 점수 | B9: =(D4*가중치!B4+D5*가중치!B5+D6*가중치!B6+D7*가중치!B7)/가중치!B8 -> 54.310345
A10: 전국 144곳 중 순위 | B10: =COUNTIF(진단표!$J$4:$J$147,">"&B9)+1 -> 56
A11: 유형 | B11: =IF(D4>=75,"체험 ","")&IF(D5>=75,"숙박 ","")&IF(D6>=75,"저녁 ","")&IF(D7>=75,"야간","") -> 체험 숙박
A12: 같은 유형 시·군 수 | B12: =IF(B11="","-",COUNTIF(진단표!$L$4:$L$147,B11)) -> 7
A14: ※ 유형이 같은 시·군 목록은 「유형」 시트. 이 표는 추가 진단이 필요한 곳을 찾는 탐색 지표이며 정책 효과 점수가 아니다.

Sheet 가중치
A1: 가중치 — 노란 칸만 바꾼다 (합이 1이 아니어도 자동으로 나눈다)
A3: 지표 | B3: 가중치 | C3: 정의 | D3: 출처
A4: 체험·문화 소비 변화율 | B4: 0.25 | C4: 외지인 방문당 체험·문화 소비(문화서비스+관광유원시설+기타레저)의 2024→2026 1~8월 변화율. 낮을수록 문제 | D4: 데이터랩 BDT_02_01_003(외지인 카드) ÷ BDT_01_01_006(방문)
A5: 평균 숙박일수 | B5: 0.25 | C5: 숙박 방문객의 평균 숙박일수(2025 월평균). 짧을수록 문제 | D5: 데이터랩 LN_02_01_013
A6: 저녁 전환율 | B6: 0.25 | C6: 18~21시 방문 ÷ 14~18시 방문(2026 1~8월). 낮 방문객이 저녁까지 남는 정도. 낮을수록 문제 | D6: 데이터랩 BDT_01_01_006 시간대
A7: 야간 방문 비중 | B7: 0.25 | C7: 21~24시 방문 ÷ 06~24시 방문(2026 1~8월). 낮을수록 문제 | D7: 데이터랩 BDT_01_01_006 시간대
A8: 합계 | B8: =SUM(B4:B7) -> 1

Sheet 진단표
A1: 전국 144개 시·군 진단표 (가중치를 바꾸면 점수·순위·유형이 다시 계산된다)
A3: 시·군 | B3: 체험·문화 소비 변화율 | C3: 평균 숙박일수 | D3: 저녁 전환율 | E3: 야간 방문 비중 | F3: 체험·문화 소비 변화율 문제 백분위 | G3: 평균 숙박일수 문제 백분위 | H3: 저녁 전환율 문제 백분위 | I3: 야간 방문 비중 문제 백분위 | J3: 진단 점수 | K3: 순위 | L3: 유형 | M3: 순위 P10 (가중치 무작위) | N3: 순위 P90 | O3: 상위 20 안에 드는 비율
A4: 기장군 | B4: -0.17069615 | C4: 3.0458333 | D4: 0.45403383 | E4: 0.072846042 | F4: =100*(1-(COUNTIF($B$4:$B$147,"<"&B4)+1)/COUNT($B$4:$B$147)) -> 85.416667 | G4: =100*(1-(COUNTIF($C$4:$C$147,"<"&C4)+1)/COUNT($C$4:$C$147)) -> 86.805556 | H4: =100*(1-(COUNTIF($D$4:$D$147,"<"&D4)+1)/COUNT($D$4:$D$147)) -> 85.416667 | I4: =100*(1-(COUNTIF($E$4:$E$147,"<"&E4)+1)/COUNT($E$4:$E$147)) -> 94.444444 | J4: =(F4*가중치!$B$4+G4*가중치!$B$5+H4*가중치!$B$6+I4*가중치!$B$7)/가중치!$B$8 -> 88.020833 | K4: =RANK(J4,$J$4:$J$147,0) -> 1 | L4: =IF(F4>=75,"체험 ","")&IF(G4>=75,"숙박 ","")&IF(H4>=75,"저녁 ","")&IF(I4>=75,"야간","") -> 체험 숙박 저녁 야간 | M4: 1 | N4: 5 | O4: 1
A5: 진안군 | B5: -0.41449101 | C5: 3.4691667 | D5: 0.41782422 | E5: 0.07421261 | F5: =100*(1-(COUNTIF($B$4:$B$147,"<"&B5)+1)/COUNT($B$4:$B$147)) -> 97.916667 | G5: =100*(1-(COUNTIF($C$4:$C$147,"<"&C5)+1)/COUNT($C$4:$C$147)) -> 63.194444 | H5: =100*(1-(COUNTIF($D$4:$D$147,"<"&D5)+1)/COUNT($D$4:$D$147)) -> 94.444444 | I5: =100*(1-(COUNTIF($E$4:$E$147,"<"&E5)+1)/COUNT($E$4:$E$147)) -> 91.666667 | J5: =(F5*가중치!$B$4+G5*가중치!$B$5+H5*가중치!$B$6+I5*가중치!$B$7)/가중치!$B$8 -> 86.805556 | K5: =RANK(J5,$J$4:$J$147,0) -> 2 | L5: =IF(F5>=75,"체험 ","")&IF(G5>=75,"숙박 ","")&IF(H5>=75,"저녁 ","")&IF(I5>=75,"야간","") -> 체험 저녁 야간 | M5: 1 | N5: 6 | O5: 0.973
A6: 청도군 | B6: -0.23040739 | C6: 3.4225 | D6: 0.44780312 | E6: 0.082486299 | F6: =100*(1-(COUNTIF($B$4:$B$147,"<"&B6)+1)/COUNT($B$4:$B$147)) -> 90.277778 | G6: =100*(1-(COUNTIF($C$4:$C$147,"<"&C6)+1)/COUNT($C$4:$C$147)) -> 64.583333 | H6: =100*(1-(COUNTIF($D$4:$D$147,"<"&D6)+1)/COUNT($D$4:$D$147)) -> 86.805556 | I6: =100*(1-(COUNTIF($E$4:$E$147,"<"&E6)+1)/COUNT($E$4:$E$147)) -> 75.694444 | J6: =(F6*가중치!$B$4+G6*가중치!$B$5+H6*가중치!$B$6+I6*가중치!$B$7)/가중치!$B$8 -> 79.340278 | K6: =RANK(J6,$J$4:$J$147,0) -> 3 | L6: =IF(F6>=75,"체험 ","")&IF(G6>=75,"숙박 ","")&IF(H6>=75,"저녁 ","")&IF(I6>=75,"야간","") -> 체험 저녁 야간 | M6: 3 | N6: 19 | O6: 0.912
A7: 합천군 | B7: -0.085887649 | C7: 3.2658333 | D7: 0.44271466 | E7: 0.077971584 | F7: =100*(1-(COUNTIF($B$4:$B$147,"<"&B7)+1)/COUNT($B$4:$B$147)) -> 68.055556 | G7: =100*(1-(COUNTIF($C$4:$C$147,"<"&C7)+1)/COUNT($C$4:$C$147)) -> 74.305556 | H7: =100*(1-(COUNTIF($D$4:$D$147,"<"&D7)+1)/COUNT($D$4:$D$147)) -> 88.888889 | I7: =100*(1-(COUNTIF($E$4:$E$147,"<"&E7)+1)/COUNT($E$4:$E$147)) -> 83.333333 | J7: =(F7*가중치!$B$4+G7*가중치!$B$5+H7*가중치!$B$6+I7*가중치!$B$7)/가중치!$B$8 -> 78.645833 | K7: =RANK(J7,$J$4:$J$147,0) -> 4 | L7: =IF(F7>=75,"체험 ","")&IF(G7>=75,"숙박 ","")&IF(H7>=75,"저녁 ","")&IF(I7>=75,"야간","") -> 저녁 야간 | M7: 4 | N7: 18 | O7: 0.93
A8: 화순군 | B8: -0.12739607 | C8: 3.5483333 | D8: 0.44088923 | E8: 0.075350065 | F8: =100*(1-(COUNTIF($B$4:$B$147,"<"&B8)+1)/COUNT($B$4:$B$147)) -> 77.777778 | G8: =100*(1-(COUNTIF($C$4:$C$147,"<"&C8)+1)/COUNT($C$4:$C$147)) -> 50.694444 | H8: =100*(1-(COUNTIF($D$4:$D$147,"<"&D8)+1)/COUNT($D$4:$D$147)) -> 90.277778 | I8: =100*(1-(COUNTIF($E$4:$E$147,"<"&E8)+1)/COUNT($E$4:$E$147)) -> 88.888889 | J8: =(F8*가중치!$B$4+G8*가중치!$B$5+H8*가중치!$B$6+I8*가중치!$B$7)/가중치!$B$8 -> 76.909722 | K8: =RANK(J8,$J$4:$J$147,0) -> 5 | L8: =IF(F8>=75,"체험 ","")&IF(G8>=75,"숙박 ","")&IF(H8>=75,"저녁 ","")&IF(I8>=75,"야간","") -> 체험 저녁 야간 | M8: 5 | N8: 24 | O8: 0.877
A9: 완주군 | B9: -0.34887626 | C9: 3.6625 | D9: 0.47268543 | E9: 0.073504909 | F9: =100*(1-(COUNTIF($B$4:$B$147,"<"&B9)+1)/COUNT($B$4:$B$147)) -> 95.833333 | G9: =100*(1-(COUNTIF($C$4:$C$147,"<"&C9)+1)/COUNT($C$4:$C$147)) -> 29.166667 | H9: =100*(1-(COUNTIF($D$4:$D$147,"<"&D9)+1)/COUNT($D$4:$D$147)) -> 79.166667 | I9: =100*(1-(COUNTIF($E$4:$E$147,"<"&E9)+1)/COUNT($E$4:$E$147)) -> 93.75 | J9: =(F9*가중치!$B$4+G9*가중치!$B$5+H9*가중치!$B$6+I9*가중치!$B$7)/가중치!$B$8 -> 74.479167 | K9: =RANK(J9,$J$4:$J$147,0) -> 6 | L9: =IF(F9>=75,"체험 ","")&IF(G9>=75,"숙박 ","")&IF(H9>=75,"저녁 ","")&IF(I9>=75,"야간","") -> 체험 저녁 야간 | M9: 3 | N9: 46 | O9: 0.709
A10: 인제군 | B10: -0.38094579 | C10: 3.5741667 | D10: 0.47111241 | E10: 0.080605051 | F10: =100*(1-(COUNTIF($B$4:$B$147,"<"&B10)+1)/COUNT($B$4:$B$147)) -> 96.527778 | G10: =100*(1-(COUNTIF($C$4:$C$147,"<"&C10)+1)/COUNT($C$4:$C$147)) -> 42.361111 | H10: =100*(1-(COUNTIF($D$4:$D$147,"<"&D10)+1)/COUNT($D$4:$D$147)) -> 79.861111 | I10: =100*(1-(COUNTIF($E$4:$E$147,"<"&E10)+1)/COUNT($E$4:$E$147)) -> 78.472222 | J10: =(F10*가중치!$B$4+G10*가중치!$B$5+H10*가중치!$B$6+I10*가중치!$B$7)/가중치!$B$8 -> 74.305556 | K10: =RANK(J10,$J$4:$J$147,0) -> 7 | L10: =IF(F10>=75,"체험 ","")&IF(G10>=75,"숙박 ","")&IF(H10>=75,"저녁 ","")&IF(I10>=75,"야간","") -> 체험 저녁 야간 | M10: 4 | N10: 34 | O10: 0.68
A11: 순창군 | B11: -0.11446925 | C11: 3.5775 | D11: 0.41214914 | E11: 0.077426707 | F11: =100*(1-(COUNTIF($B$4:$B$147,"<"&B11)+1)/COUNT($B$4:$B$147)) -> 72.916667 | G11: =100*(1-(COUNTIF($C$4:$C$147,"<"&C11)+1)/COUNT($C$4:$C$147)) -> 41.666667 | H11: =100*(1-(COUNTIF($D$4:$D$147,"<"&D11)+1)/COUNT($D$4:$D$147)) -> 95.833333 | I11: =100*(1-(COUNTIF($E$4:$E$147,"<"&E11)+1)/COUNT($E$4:$E$147)) -> 84.027778 | J11: =(F11*가중치!$B$4+G11*가중치!$B$5+H11*가중치!$B$6+I11*가중치!$B$7)/가중치!$B$8 -> 73.611111 | K11: =RANK(J11,$J$4:$J$147,0) -> 8 | L11: =IF(F11>=75,"체험 ","")&IF(G11>=75,"숙박 ","")&IF(H11>=75,"저녁 ","")&IF(I11>=75,"야간","") -> 저녁 야간 | M11: 7 | N11: 38 | O11: 0.744
A12: 담양군 | B12: 0.12572713 | C12: 3.3641667 | D12: 0.39403789 | E12: 0.058294063 | F12: =100*(1-(COUNTIF($B$4:$B$147,"<"&B12)+1)/COUNT($B$4:$B$147)) -> 24.305556 | G12: =100*(1-(COUNTIF($C$4:$C$147,"<"&C12)+1)/COUNT($C$4:$C$147)) -> 68.055556 | H12: =100*(1-(COUNTIF($D$4:$D$147,"<"&D12)+1)/COUNT($D$4:$D$147)) -> 98.611111 | I12: =100*(1-(COUNTIF($E$4:$E$147,"<"&E12)+1)/COUNT($E$4:$E$147)) -> 99.305556 | J12: =(F12*가중치!$B$4+G12*가중치!$B$5+H12*가중치!$B$6+I12*가중치!$B$7)/가중치!$B$8 -> 72.569444 | K12: =RANK(J12,$J$4:$J$147,0) -> 9 | L12: =IF(F12>=75,"체험 ","")&IF(G12>=75,"숙박 ","")&IF(H12>=75,"저녁 ","")&IF(I12>=75,"야간","") -> 저녁 야간 | M12: 2 | N12: 57 | O12: 0.618
A13: 금산군 | B13: -0.11595326 | C13: 3.5333333 | D13: 0.45763084 | E13: 0.082358632 | F13: =100*(1-(COUNTIF($B$4:$B$147,"<"&B13)+1)/COUNT($B$4:$B$147)) -> 73.611111 | G13: =100*(1-(COUNTIF($C$4:$C$147,"<"&C13)+1)/COUNT($C$4:$C$147)) -> 52.777778 | H13: =100*(1-(COUNTIF($D$4:$D$147,"<"&D13)+1)/COUNT($D$4:$D$147)) -> 83.333333 | I13: =100*(1-(COUNTIF($E$4:$E$147,"<"&E13)+1)/COUNT($E$4:$E$147)) -> 76.388889 | J13: =(F13*가중치!$B$4+G13*가중치!$B$5+H13*가중치!$B$6+I13*가중치!$B$7)/가중치!$B$8 -> 71.527778 | K13: =RANK(J13,$J$4:$J$147,0) -> 10 | L13: =IF(F13>=75,"체험 ","")&IF(G13>=75,"숙박 ","")&IF(H13>=75,"저녁 ","")&IF(I13>=75,"야간","") -> 저녁 야간 | M13: 13 | N13: 32 | O13: 0.641
A14: 횡성군 | B14: -0.15570733 | C14: 3.4725 | D14: 0.48819521 | E14: 0.085771007 | F14: =100*(1-(COUNTIF($B$4:$B$147,"<"&B14)+1)/COUNT($B$4:$B$147)) -> 82.638889 | G14: =100*(1-(COUNTIF($C$4:$C$147,"<"&C14)+1)/COUNT($C$4:$C$147)) -> 61.805556 | H14: =100*(1-(COUNTIF($D$4:$D$147,"<"&D14)+1)/COUNT($D$4:$D$147)) -> 70.833333 | I14: =100*(1-(COUNTIF($E$4:$E$147,"<"&E14)+1)/COUNT($E$4:$E$147)) -> 68.055556 | J14: =(F14*가중치!$B$4+G14*가중치!$B$5+H14*가중치!$B$6+I14*가중치!$B$7)/가중치!$B$8 -> 70.833333 | K14: =RANK(J14,$J$4:$J$147,0) -> 11 | L14: =IF(F14>=75,"체험 ","")&IF(G14>=75,"숙박 ","")&IF(H14>=75,"저녁 ","")&IF(I14>=75,"야간","") -> 체험 | M14: 11 | N14: 35 | O14: 0.597
A15: 단양군 | B15: -0.09673635 | C15: 2.7383333 | D15: 0.48144055 | E15: 0.095163112 | F15: =100*(1-(COUNTIF($B$4:$B$147,"<"&B15)+1)/COUNT($B$4:$B$147)) -> 70.138889 | G15: =100*(1-(COUNTIF($C$4:$C$147,"<"&C15)+1)/COUNT($C$4:$C$147)) -> 94.444444 | H15: =100*(1-(COUNTIF($D$4:$D$147,"<"&D15)+1)/COUNT($D$4:$D$147)) -> 74.305556 | I15: =100*(1-(COUNTIF($E$4:$E$147,"<"&E15)+1)/COUNT($E$4:$E$147)) -> 44.444444 | J15: =(F15*가중치!$B$4+G15*가중치!$B$5+H15*가중치!$B$6+I15*가중치!$B$7)/가중치!$B$8 -> 70.833333 | K15: =RANK(J15,$J$4:$J$147,0) -> 11 | L15: =IF(F15>=75,"체험 ","")&IF(G15>=75,"숙박 ","")&IF(H15>=75,"저녁 ","")&IF(I15>=75,"야간","") -> 숙박 | M15: 4 | N15: 49 | O15: 0.506
... A147: 영양군 | B147: 0.65902343 | C147: 4.0816667 | D147: 0.53106367 | E147: 0.1150527 | F147: =100*(1-(COUNTIF($B$4:$B$147,"<"&B147)+1)/COUNT($B$4:$B$147)) -> 4.1666667 | G147: =100*(1-(COUNTIF($C$4:$C$147,"<"&C147)+1)/COUNT($C$4:$C$147)) -> 2.7777778 | H147: =100*(1-(COUNTIF($D$4:$D$147,"<"&D147)+1)/COUNT($D$4:$D$147)) -> 43.055556 | I147: =100*(1-(COUNTIF($E$4:$E$147,"<"&E147)+1)/COUNT($E$4:$E$147)) -> 10.416667 | J147: =(F147*가중치!$B$4+G147*가중치!$B$5+H147*가중치!$B$6+I147*가중치!$B$7)/가중치!$B$8 -> 15.104167 | K147: =RANK(J147,$J$4:$J$147,0) -> 144 | L147: =IF(F147>=75,"체험 ","")&IF(G147>=75,"숙박 ","")&IF(H147>=75,"저녁 ","")&IF(I147>=75,"야간","") | M147: 125 | N147: 144 | O147: 0

Sheet 유형
A1: 문제 유형별 시·군 (기본 가중치, 문제 백분위 75 이상인 지표의 조합)
A3: 유형 | B3: 시·군 수 | C3: 시·군
A4: 해당 없음 | B4: 51 | C4: 남원시, 공주시, 영월군, 김포시, 양주시, 괴산군, 옥천군, 정읍시, 홍성군, 당진시, 해남군, 양산시, 달성군, 김해시, 논산시, 파주시, 이천시, 광주시, 시흥시, 영광군, 남양주시, 충주시, 사천시, 구리시, 화천군, 무안군, 안성시, 무주군, 장흥군, 영동군, 청양군, 계룡시, 제천시, 김천시, 의정부시, 태백시, 상주시, 예천군, 군산시, 거제시, 군포시, 철원군, 원주시, 제주시, 오산시, 고흥군, 진주시, 동두천시, 양구군, 완도군, 영양군
A5: 숙박 | B5: 25 | C5: 단양군, 광양시, 서산시, 강화군, 부안군, 양평군, 신안군, 옹진군, 보은군, 삼척시, 경주시, 태안군, 가평군, 동해시, 정선군, 속초시, 여수시, 평창군, 홍천군, 통영시, 춘천시, 목포시, 서귀포시, 보령시, 진도군
A6: 체험 | B6: 19 | C6: 횡성군, 예산군, 부여군, 성주군, 나주시, 진천군, 연천군, 순천시, 음성군, 문경시, 평택시, 거창군, 화성시, 영주시, 아산시, 하남시, 익산시, 경산시, 구미시
A7: 저녁 · 야간 | B7: 18 | C7: 합천군, 순창군, 담양군, 금산군, 임실군, 보성군, 함평군, 강진군, 하동군, 군위군, 영천시, 곡성군, 장수군, 산청군, 함안군, 장성군, 김제시, 영암군
A8: 체험 · 저녁 · 야간 | B8: 9 | C8: 진안군, 청도군, 화순군, 완주군, 인제군, 고령군, 의령군, 의성군, 밀양시
A9: 체험 · 숙박 | B9: 7 | C9: 영덕군, 양양군, 남해군, 울진군, 안동시, 광명시, 강릉시
A10: 저녁 | B10: 6 | C10: 서천군, 포천시, 함양군, 청송군, 고창군, 봉화군
A11: 야간 | B11: 5 | C11: 창녕군, 과천시, 칠곡군, 증평군, 의왕시
A12: 숙박 · 저녁 · 야간 | B12: 2 | C12: 울주군, 구례군
A13: 체험 · 숙박 · 저녁 · 야간 | B13: 1 | C13: 기장군
A14: 숙박 · 야간 | B14: 1 | C14: 여주시
