Workbook

Sheet 사용법
A1: 안동 이어드림 · 서식4 기대효과 계산기 (2026-09-22)
A3: 이 파일로 하는 일
A4: 1. 「입력」 시트의 노란 칸에 참여율·가격·운영일·예산을 넣는다.
A5: 2. 「기대효과」 시트에서 단계별 이용 건수, 참여자 지출, 추가 소비, 기대효과 %가 자동으로 나온다.
A6: 3. 「서식4_초안」 시트의 4) 추진성과·기대효과 문장에 그 숫자가 자동으로 들어간다. 1)~3) 칸은 교수 브리핑(9/22)에서 확정한 문장이다.
A7: 4. 「사용데이터」 시트는 서식4 머리칸(데이터랩 데이터·타분야 데이터)과 참고자료 zip의 데이터 목록이다.
A9: 칸 색
A10: 노란 바탕 + 파란 글자 = 바꿔 넣는 입력값(시나리오)
A11: 파란 글자 = 기준 데이터(보유 자료에서 계산한 고정값, 옆 칸에 출처)
A12: 검은 글자 = 수식. 직접 고치지 않는다
A13: 초록 글자 = 다른 시트 값을 끌어온 것
A15: 읽는 법
... A19: 기준 기간은 2026년 1~8월(주말 70일)이다. 운영일을 바꾸면 방문기회가 그 비율로 늘거나 준다.

Sheet 입력
A1: 입력 · 시나리오 (노란 칸만 바꾼다)
A3: 항목 | B3: 보수 | C3: 기준 | D3: 낙관 | E3: 단위 | F3: 근거·메모
A4: 1단계 체험 결제 참여율 (원도심 주말 방문기회 중) | B4: 0.00060547596 | C4: 0.008999635 | D4: 0.05 | E4: % | F4: 보수 = 안동 주민증 평균 이용률(월 887.5건 ÷ 월 외지인 방문, R1·데이터랩) · 기준 = 하회마을 주민증 이용률(이용 표시값 11,045 ÷ 입장객 2024.6~2026.6) · 낙관 = 가정(근거 없음)
A5: 2단계 이어가기 비율 (체험 참여자 중 월영교까지 이동) | B5: 0.1 | C5: 0.2 | D5: 0.3 | E5: % | F5: 가정 — 자료 없음. 현장 안내카드 QR·설문으로 확인할 값
A6: 3단계 팝업 이용률 (월영교 권역 주말 저녁 방문기회 중) | B6: 0.00060547596 | C6: 0.008999635 | D6: 0.05 | E6: % | F6: 1단계와 같은 근거(주민증 조건형 혜택 이용률)
A7: 체험 1건 가격 | B7: 10000 | C7: 15000 | D7: 20000 | E7: 원 | F7: 조사/03: 공예문화전시관 5천~3.9만, 구름에 1.2만~2.2만, 문보트 3인 2.8만(미확인)
A8: 팝업 1인 객단가 | B8: 3068 | C8: 9095 | D8: 14320 | E8: 원 | F8: 문화관광축제 56개 외지인 방문당 소비(2025) P10·중앙·P90. 축제 기간 지역 전체 소비라 상한 참고값(부스 매출 아님)
A9: 반사실 몫 (사업 없어도 안동에서 썼을 비율) | B9: 0.5 | C9: 0.5 | D9: 0.5 | E9: % | F9: 가정 — 현장 설문 "이 혜택이 없었다면 이 돈을 어디에 썼을지"로 확인
A10: 운영일 수(주말 하루 단위) | B10: 70 | C10: 70 | D10: 70 | E10: 일 | F10: 기본 70 = 2026년 1~8월 주말 전체. 금·토만 운영하면 줄여 넣는다
A11: 사업 예산(원) | E11: 원 | F11: 비워 두면 "예산 1원당 추가 소비"는 계산하지 않음. B/C가 아닌 운영 참고 지표
A12: 택시 1대당 저녁 창(18:30~21:00) 운행 횟수 | B12: 3 | C12: 3 | D12: 3 | E12: 회 | F12: 가정 — 원도심↔월영교 3.2km 왕복·대기 포함 약 50분으로 보고 150분에 3회. 현2 실측으로 교체
A13: 기준 데이터 (고정값 · 바꾸지 않음)
A14: 항목 | B14: 값 | E14: 단위 | F14: 출처
A15: 안동 외지인 방문 연인원 2026 1~8월 | B15: 11726312 | E15: 명 | F15: 데이터랩 BDT_01_01_006(이동통신, 외지인)
A16: 방문당 체험·문화 소비 2024 1~8월 | B16: 183.47 | E16: 원 | F16: 데이터랩 BDT_02_01_003 외지인 카드(문화서비스+관광유원시설+기타레저) ÷ 방문
A17: 방문당 체험·문화 소비 2026 1~8월 | B17: 152.67 | E17: 원 | F17: 같음
A18: 전국 146개 시·군 중앙 변화율 | B18: -0.0205 | E18: % | F18: 같음
A19: 중구동(원도심) 외지인 방문 2026 1~8월 | B19: 2166679 | E19: 명 | F19: 데이터랩 BDT_01_01_005_1 읍면동별 외지인 방문
A20: 안동 외지인 주말(토·일) 방문 비중 | B20: 0.3604 | E20: % | F20: 데이터랩 BDT_01_01_006 요일별, 2026 1~8월
A21: 강남동(월영교) 외지인 방문 2026 1~8월 | B21: 1231286 | E21: 명 | F21: 데이터랩 BDT_01_01_005_1
A22: 안동 외지인 주말 18~21시 방문 비중 | B22: 0.1298 | E22: % | F22: 데이터랩 BDT_01_01_006 시간대, 주말. 시 단위 분포를 강남동에 적용(가정)
A23: 강남동 외지인 관광총소비 2026 1~8월 | B23: 10951039000 | E23: 원 | F23: 데이터랩 지역별 관광지출액 화면(9/19 전사)
A24: 기준 기간 주말 일수 | B24: 70 | E24: 일 | F24: 2026-01-01~08-31 토·일
A25: 택시 1대 정원 | B25: 4 | E25: 명 | F25: 일반 승용 기준
A26: 관광택시 비수기 하루 운행 대수(상한) | B26: 4 | E26: 대 | F26: 안동시관광협의회 전화문의 9/22: 비수기 하루 3~4대
... A28: 월영교 1km 영업 중 음식점 | B28: 16 | E28: 곳 | F28: 같음
A30: 예시: 기준 열은 "혜택이 있는 하회마을에서 주민증을 쓰는 비율(0.90%)만큼 원도심 방문객이 체험을 결제하면"이라는 뜻이다.

Sheet 기대효과
A1: 기대효과 계산 (수식 · 입력 시트를 바꾸면 자동 갱신)
A3: 단계 · 지표 | B3: 보수 | C3: 기준 | D3: 낙관 | E3: 단위 | F3: 계산식
A4: 1단계 · 원도심 식음 → 체험
A5: 원도심 주말 방문기회 | B5: =입력!$B$19*입력!$B$20*입력!B10/입력!$B$24 -> 780871.11 | C5: =입력!$B$19*입력!$B$20*입력!C10/입력!$B$24 -> 780871.11 | D5: =입력!$B$19*입력!$B$20*입력!D10/입력!$B$24 -> 780871.11 | E5: 회 | F5: 중구동 외지인 방문 × 주말 비중 × 운영일/70
A6: 체험 결제 건수 | B6: =B5*입력!B4 -> 472.79868 | C6: =C5*입력!C4 -> 7027.555 | D6: =D5*입력!D4 -> 39043.556 | E6: 건 | F6: 방문기회 × 참여율
A7: 참여자 총지출(체험) | B7: =B6*입력!B7 -> 4727986.8 | C7: =C6*입력!C7 -> 1.0541332e+08 | D7: =D6*입력!D7 -> 7.8087111e+08 | E7: 원 | F7: 건수 × 체험 가격
A8: 추가 소비(체험) | B8: =B7*(1-입력!B9) -> 2363993.4 | C8: =C7*(1-입력!C9) -> 52706662 | D8: =D7*(1-입력!D9) -> 3.9043556e+08 | E8: 원 | F8: 총지출 × (1 − 반사실 몫)
A9: 방문당 체험·문화 소비 증가 | B9: =B8/입력!$B$15 -> 0.20159735 | C9: =C8/입력!$B$15 -> 4.4947348 | D9: =D8/입력!$B$15 -> 33.295682 | E9: 원 | F9: 추가 소비 ÷ 외지인 방문 연인원
A10: 방문당 체험·문화 소비 증가율 | B10: =B9/입력!$B$17 -> 0.0013204778 | C10: =C9/입력!$B$17 -> 0.029440851 | D10: =D9/입력!$B$17 -> 0.21808923 | E10: % | F10: 증가액 ÷ 2026년 152.7원
A11: 회복 목표(전국 중앙 수준) | B11: =입력!$B$16*(1+입력!$B$18)/입력!$B$17-1 -> 0.1771066 | C11: =입력!$B$16*(1+입력!$B$18)/입력!$B$17-1 -> 0.1771066 | D11: =입력!$B$16*(1+입력!$B$18)/입력!$B$17-1 -> 0.1771066 | E11: % | F11: 183.5원이 전국 중앙만큼만 줄었을 때 ÷ 152.7원 − 1
A12: 목표 달성률 | B12: =B10/B11 -> 0.0074558363 | C12: =C10/C11 -> 0.16623238 | D12: =D10/D11 -> 1.2314009 | E12: % | F12: 증가율 ÷ 회복 목표
A13: 목표 달성에 필요한 참여율(역산) | B13: =B11*입력!$B$17*입력!$B$15/(1-입력!B9)/입력!B7/B5 -> 0.081208323 | C13: =C11*입력!$B$17*입력!$B$15/(1-입력!C9)/입력!C7/C5 -> 0.054138882 | D13: =D11*입력!$B$17*입력!$B$15/(1-입력!D9)/입력!D7/D5 -> 0.040604161 | E13: % | F13: 목표 증가액 × 방문 ÷ (1−반사실) ÷ 가격 ÷ 방문기회
A15: 2단계 · 야간 이동(원도심 → 월영교, 18:30~21:00)
A16: 이동 이용자 | B16: =B6*입력!B5 -> 47.279868 | C16: =C6*입력!C5 -> 1405.511 | D16: =D6*입력!D5 -> 11713.067 | E16: 명 | F16: 체험 참여자 × 이어가기 비율
A17: 주말 하루 이동 이용자 | B17: =B16/입력!B10 -> 0.67542669 | C17: =C16/입력!C10 -> 20.078728 | D17: =D16/입력!D10 -> 167.32952 | E17: 명/일 | F17: ÷ 운영일
A18: 주말 하루 필요 택시 운행(4인) | B18: =ROUNDUP(B17/입력!$B$25,0) -> 1 | C18: =ROUNDUP(C17/입력!$B$25,0) -> 6 | D18: =ROUNDUP(D17/입력!$B$25,0) -> 42 | E18: 회/일 | F18: 올림(하루 이용자 ÷ 정원)
A19: 관광택시 비수기 가용 대수로 감당? | B19: =IF(B18<=입력!$B$26*입력!B12,"가능(예약형)","부족 — 셔틀·추가 차량 검토") -> 가능(예약형) | C19: =IF(C18<=입력!$B$26*입력!C12,"가능(예약형)","부족 — 셔틀·추가 차량 검토") -> 가능(예약형) | D19: =IF(D18<=입력!$B$26*입력!D12,"가능(예약형)","부족 — 셔틀·추가 차량 검토") -> 부족 — 셔틀·추가 차량 검토 | F19: 하루 필요 운행 ≤ 비수기 4대 × 1대당 운행 횟수
A21: 3단계 · 월영교 야간 팝업
A22: 월영교 권역 주말 저녁 방문기회 | B22: =입력!$B$21*입력!$B$20*입력!$B$22*입력!B10/입력!$B$24 -> 57599.461 | C22: =입력!$B$21*입력!$B$20*입력!$B$22*입력!C10/입력!$B$24 -> 57599.461 | D22: =입력!$B$21*입력!$B$20*입력!$B$22*입력!D10/입력!$B$24 -> 57599.461 | E22: 회 | F22: 강남동 외지인 × 주말 비중 × 주말 18~21시 비중 × 운영일/70
A23: 팝업 이용자 | B23: =B22*입력!B6 -> 34.875089 | C23: =C22*입력!C6 -> 518.37412 | D23: =D22*입력!D6 -> 2879.973 | E23: 명 | F23: 방문기회 × 이용률
A24: 주말 하루 팝업 이용자 | B24: =B23/입력!B10 -> 0.49821555 | C24: =C23/입력!C10 -> 7.4053446 | D24: =D23/입력!D10 -> 41.142472 | E24: 명/일 | F24: ÷ 운영일
A25: 참여자 총지출(팝업) | B25: =B23*입력!B8 -> 106996.77 | C25: =C23*입력!C8 -> 4714612.6 | D25: =D23*입력!D8 -> 41241214 | E25: 원 | F25: 이용자 × 객단가
A26: 추가 소비(팝업) | B26: =B25*(1-입력!B9) -> 53498.386 | C26: =C25*(1-입력!C9) -> 2357306.3 | D26: =D25*(1-입력!D9) -> 20620607 | E26: 원 | F26: 총지출 × (1 − 반사실 몫)
A27: 강남동 외지인 관광소비 대비 증가율 | B27: =B26/입력!$B$23 -> 4.8852338e-06 | C27: =C26/입력!$B$23 -> 0.00021525869 | D27: =D26/입력!$B$23 -> 0.0018829818 | E27: % | F27: 추가 소비 ÷ 강남동 관광총소비(1~8월)
A29: 합계
A30: 참여자 총지출(체험+팝업) | B30: =B7+B25 -> 4834983.6 | C30: =C7+C25 -> 1.1012794e+08 | D30: =D7+D25 -> 8.2211233e+08 | E30: 원 | F30: 지출 ① + 지출 ②
A31: 안동 내 추가 소비(체험+팝업) | B31: =B8+B26 -> 2417491.8 | C31: =C8+C26 -> 55063968 | D31: =D8+D26 -> 4.1105616e+08 | E31: 원 | F31: 반사실 차감 후
A32: 추가 소비(억 원) | B32: =B31/100000000 -> 0.024174918 | C32: =C31/100000000 -> 0.55063968 | D32: =D31/100000000 -> 4.1105616 | E32: 억 원
A33: 예산 1원당 추가 소비 | B33: =IF(N(입력!B11)>0,B31/입력!B11,"예산 입력 시 계산") -> 예산 입력 시 계산 | C33: =IF(N(입력!C11)>0,C31/입력!C11,"예산 입력 시 계산") -> 예산 입력 시 계산 | D33: =IF(N(입력!D11)>0,D31/입력!D11,"예산 입력 시 계산") -> 예산 입력 시 계산 | E33: 원 | F33: B/C 아님 — 운영 참고 지표
A35: ※ 1단계와 3단계는 방문기회를 따로 센다(릴레이 완주율 자료가 없음). 참여율이 같아도 두 지출을 더한 값은 상한 쪽이다.
A36: ※ 이 표는 시행 전 조건부 예상 효과다. 정책 순효과는 시행 후 비교 지역과 대조해서만 말한다(⑥ 사후 검증계획).

Sheet 서식4_초안
A1: 서식4 활용사례 초안 — 개조식 2~3장, 머리칸 + 본문 네 칸 (교수 브리핑 9/22 15절 기준)
A3: 칸 | B3: 들어갈 내용(개조식) | C3: 분량·근거
A4: 머리칸 · 제목 | B4: 사람 없는 곳에 붙은 혜택, 막차 앞에서 끊긴 밤: 데이터로 다시 잇는 안동 이어드림 | C4: 초안, 팀 결정 필요
A5: 머리칸 · 데이터랩 데이터 | B5: 지역별 관광 현황(외지인 방문·시간대), 신용카드 관광소비, 읍면동 방문자, 중심·연관 관광지, 내비게이션 검색, 야간관광 현황, 축제 현황 | C5: 「사용데이터」 시트
A6: 머리칸 · 타분야 데이터 | B6: 코레일 안동역 시간대별 승하차, 소상공인 상가(상권)정보, 안동시 디지털관광주민증 혜택업체(정보공개청구), 한국철도공사 8대 도시 가명결합 분석, 안동시 버스정보시스템 시간표 | C6: 「사용데이터」 시트
A7: 머리칸 · 성과분야 | B7: 전략수립 및 기획 | C7: 1개 선택
A8: 머리칸 · 핵심성과 | B8: 데이터랩 방문·소비 자료와 철도·상가·주민증 자료를 결합해 혜택 배치의 공백과 막차 제약을 찾아내고, 원도심과 월영교를 잇는 3단계 야간 릴레이 운영안을 설계 | C8: 초안
A9: 머리칸 · 계량성과 | B9: 현장조사 후 입력: 섭외 동의 업소 수, 안내카드 배포 수 대비 QR 스캔 수, 택시 호출 대기시간 (실제로 센 숫자만) | C9: 설계 수치·예상 효과는 쓰지 않음
A10: 1) 문제점 | B10: ○ 방문당 체험·문화 소비 −16.8% (2024→2026년 1~8월, 전국 중앙 −2.0%, 146곳 중 감소폭 22번째) ○ 하회마을 소비 전환 배율 0.06 (방문 6.29% vs 소비 건수 0.40%, 2022년 4~6월) ○ 월영교 반경 1km 주점 0곳, 21시까지 식사 가능 16곳 중 3곳 / 원도심→월영교 112번 막차 18:45 ※ 먼저 기각: 관광객 감소 아님(방문 +5.6%), 당일치기 증가 아님(무박 86.3→86.4%) | C10: 0.4장
A11: 2) 데이터 활용 방안 | B11: ○ ① 혜택 배치 진단: 외지인 방문 1위 중구동(12.5%) 혜택업체 0곳, 12위 도산면(2.4%) 6곳 [그림] ○ ② 운영 시간 창: 안동역 주말 승차 18~19시 13,454명 최대, 막차 21~22시 → 18:30~21:00 [그림] ○ ④ 야간 공백: 월영교 1km 식당 10곳 중 7곳 20:30까지 마감, 22시 이후 카페만, 주점 0곳 | C11: 1장 · 그림 2개
A12: 3) 사업 개선·적용 | B12: ○ 운영 시간 18:30~21:00(②) · 1단계 섭외 우선 권역 중구동(①) · 3단계 팝업이 채울 것 21시 이후 식사·주점(④) ○ 야간 이동: 관광택시 저녁 재배치 협의(112번 19시 이후 0회, ③) ○ 부스 개수·차량 대수는 처리량·견적 전이라 정하지 않음 | C12: 0.6장 · 운영안 표
A13: 4) 추진성과·기대효과 | B13: ="○ 성과 구분: 분석 결과(설계) / 현장 관측 / 조건부 예상 효과 / 정책 순효과(시행 후) — 아래 예상 효과는 시행 전 조건부 값"&CHAR(10)&"○ 1단계 체험 결제: 참여율 "&TEXT(입력!C4,"0.00%")&" 가정 시 운영 "&입력!C10&"일 동안 "&TEXT(기대효과!C6,"#,##0")&"건, 방문당 체험·문화 소비 +"&TEXT(기대효과!C10,"0.0%")&" (회복 목표 +"&TEXT(기대효과!C11,"0.0%")&"의 "&TEXT(기대효과!C12,"0%")&")"&CHAR(10)&" · 범위(보수~낙관): +"&TEXT(기대효과!B10,"0.0%")&" ~ +"&TEXT(기대효과!D10,"0.0%")&" / 목표 달성에 필요한 참여율 "&TEXT(기대효과!C13,"0.0%")&CHAR(10)&"○ 2단계 야간 이동: 주말 하루 "&TEXT(기대효과!C17,"0.0")&"명 → 택시 "&기대효과!C18&"회, "&기대효과!C19&CHAR(10)&"○ 3단계 팝업: 주말 하루 "&TEXT(기대효과!C24,"0.0")&"명 이용, 강남동 외지인 관광소비 +"&TEXT(기대효과!C27,"0.00%")&CHAR(10)&"○ 안동 내 추가 소비(반사실 "&TEXT(입력!C9,"0%")&" 차감): "&TEXT(기대효과!C32,"0.00")&"억 원 (보수 "&TEXT(기대효과!B32,"0.00")&" ~ 낙관 "&TEXT(기대효과!D32,"0.00")&"억)"&CHAR(10)&"○ ⑥ 사후 검증: 주민증 운영 52곳 중 비교 조합(합성통제), 주 지표 = 방문당 체험·문화 소비"&CHAR(10)&"○ ⑦ 전국 진단표: 체험·문화 변화율·숙박일수·저녁 전환율·야간 방문 비중 4지표" -> ○ 성과 구분: 분석 결과(설계) / 현장 관측 / 조건부 예상 효과 / 정책 순효과(시행 후) — 아래 예상 효과는 시행 전 조건부 값 ○ 1단계 체험 결제: 참여율 0.90% 가정 시 운영 70일 동안 7,028건, 방문당 체험·문화 소비 +2.9% (회복 목표 +17.7%의 17%) · 범위(보수~낙관): +0.1% ~ +21.8% / 목표 달성에 필요한 참여율 5.4% ○ 2단계 야간 이동: 주말 하루 20.1명 → 택시 6회, 가능(예약형) ○ 3단계 팝업: 주말 하루 7.4명 이용, 강남동 외지인 관광소비 +0.02% ○ 안동 내 추가 소비(반사실 50% 차감): 0.55억 원 (보수 0.02 ~ 낙관 4.11억) ○ ⑥ 사후 검증: 주민증 운영 52곳 중 비교 조합(합성통제), 주 지표 = 방문당 체험·문화 소비 ○ ⑦ 전국 진단표: 체험·문화 변화율·숙박일수·저녁 전환율·야간 방문 비중 4지표 | C13: 0.6장 · 표 1개 기준 시나리오(입력 C열) 숫자가 자동으로 들어감

Sheet 사용데이터
A1: 사용 데이터 목록
A3: 구분 | B3: 데이터 | C3: 제공처·코드 | D3: 기간 | E3: 쓴 곳(서식4 칸 · 결과물)
A4: 데이터랩 | B4: 외지인 신용카드 관광소비(업종 중분류) | C4: 한국관광 데이터랩 BDT_02_01_003 | D4: 2024·2026 1~8월 | E4: 1) 체험·문화 −16.8% · ⑤ · ⑦
A5: 데이터랩 | B5: 방문자 수 성별·연령·요일·시간대 교차표(외지인) | C5: 데이터랩 BDT_01_01_006 | D5: 2024·2026 1~8월 | E5: 1) 방문 +5.6% · ② 저녁 비중 · ⑤ 방문기회 · ⑦
A6: 데이터랩 | B6: 숙박일수별 관광객(무박 비중) | C6: 데이터랩 BDT_01_01_006_1 | D6: 2019~2026 | E6: 1) 당일치기 가설 기각
A7: 데이터랩 | B7: 읍면동별 외지인 방문자 수 | C7: 데이터랩 BDT_01_01_005_1 | D7: 2023~2026 1~8월 | E7: 2) ① 혜택 배치 · ⑤ 방문기회
A8: 데이터랩 | B8: 지역별 관광지출액(강남동 외지인) | C8: 데이터랩 화면 전사(9/19) | D8: 2023~2026.8 | E8: ⑤ 3단계 분모
A9: 데이터랩 | B9: 관심관광지·목적지 검색(내비) | C9: 데이터랩 LN_03_01_037 · BDT_03_01_003_1 | D9: 2018~2026 | E9: 1) 하회마을 검색 비중 11.4→5.2%
A10: 데이터랩 | B10: 야간관광 현황(야간 검색·방문) | C10: 데이터랩 BY_TH_NIGHT_TOUR | D10: 2024~2026 1~8월 | E10: 1) 야간 명소 공백
A11: 데이터랩 | B11: 축제 방문자·관광소비 | C11: 데이터랩 FE_01_01_005 · FE_01_01_007 | D11: 2025 | E11: ⑤ 팝업 객단가 참고
A12: 데이터랩 | B12: 평균 숙박일수 | C12: 데이터랩 LN_02_01_013 | D12: 2024·2025 | E12: ⑦
A13: 타분야 | B13: 안동역 월별·시간대별 승하차(이음·새마을·무궁화) | C13: 코레일(팀원 취합) | D13: 2024.1~2026.8 | E13: 2) ② 운영 시간 창
A14: 타분야 | B14: 8대 도시(안동) 관광 형태 분석 — 가명결합 | C14: 한국철도공사(SKT·신한카드·KCB) | D14: 2022.4~6 | E14: 1) 하회 배율 0.06 · 월영교 배율 0.40
... A22: 전화 | B22: 관광택시 운행 관행 · 월영야행 부지 | C22: 안동시관광협의회 · 한국정신문화재단 | D22: 2026-09-22 | E22: 3) 운영안
